question_id,corpus_id
lcdq000001,lcdc000001
lcdq000001,lcdc000002
lcdq000002,lcdc000001
lcdq000002,lcdc000002
lcdq000003,lcdc000001
lcdq000003,lcdc000002
lcdq000004,lcdc000001
lcdq000004,lcdc000002
lcdq000005,lcdc000001
lcdq000005,lcdc000002
lcdq000006,lcdc000003
lcdq000006,lcdc000004
lcdq000007,lcdc000003
lcdq000007,lcdc000004
lcdq000008,lcdc000003
lcdq000008,lcdc000004
lcdq000009,lcdc000003
lcdq000009,lcdc000004
lcdq000010,lcdc000003
lcdq000010,lcdc000004
lcdq000011,lcdc000005
lcdq000011,lcdc000006
lcdq000012,lcdc000005
lcdq000012,lcdc000006
lcdq000013,lcdc000005
lcdq000013,lcdc000006
lcdq000014,lcdc000005
lcdq000014,lcdc000006
lcdq000015,lcdc000005
lcdq000015,lcdc000006
lcdq000016,lcdc000007
lcdq000016,lcdc000008
lcdq000016,lcdc000009
lcdq000017,lcdc000007
lcdq000017,lcdc000008
lcdq000017,lcdc000009
lcdq000018,lcdc000007
lcdq000018,lcdc000008
lcdq000018,lcdc000009
lcdq000019,lcdc000007
lcdq000019,lcdc000008
lcdq000019,lcdc000009
lcdq000020,lcdc000007
lcdq000020,lcdc000008
lcdq000020,lcdc000009
lcdq000021,lcdc000010
lcdq000021,lcdc000011
lcdq000021,lcdc000009
lcdq000022,lcdc000010
lcdq000022,lcdc000011
lcdq000022,lcdc000009
lcdq000023,lcdc000010
lcdq000023,lcdc000011
lcdq000023,lcdc000009
lcdq000024,lcdc000010
lcdq000024,lcdc000011
lcdq000024,lcdc000009
lcdq000025,lcdc000010
lcdq000025,lcdc000011
lcdq000025,lcdc000009
lcdq000026,lcdc000012
lcdq000026,lcdc000013
lcdq000026,lcdc000009
lcdq000027,lcdc000012
lcdq000027,lcdc000013
lcdq000027,lcdc000009
lcdq000028,lcdc000012
lcdq000028,lcdc000013
lcdq000028,lcdc000009
lcdq000029,lcdc000012
lcdq000029,lcdc000013
lcdq000029,lcdc000009
lcdq000030,lcdc000012
lcdq000030,lcdc000013
lcdq000030,lcdc000009
lcdq000031,lcdc000014
lcdq000031,lcdc000015
lcdq000031,lcdc000009
lcdq000032,lcdc000014
lcdq000032,lcdc000015
lcdq000032,lcdc000009
lcdq000033,lcdc000014
lcdq000033,lcdc000015
lcdq000033,lcdc000009
lcdq000034,lcdc000014
lcdq000034,lcdc000015
lcdq000034,lcdc000009
lcdq000035,lcdc000014
lcdq000035,lcdc000015
lcdq000035,lcdc000009
lcdq000036,lcdc000016
lcdq000036,lcdc000017
lcdq000036,lcdc000009
lcdq000037,lcdc000016
lcdq000037,lcdc000017
lcdq000037,lcdc000009
lcdq000038,lcdc000016
lcdq000038,lcdc000017
lcdq000038,lcdc000009
lcdq000039,lcdc000016
lcdq000039,lcdc000017
lcdq000039,lcdc000009
lcdq000040,lcdc000016
lcdq000040,lcdc000017
lcdq000040,lcdc000009
lcdq000041,lcdc000018
lcdq000041,lcdc000019
lcdq000041,lcdc000009
lcdq000042,lcdc000018
lcdq000042,lcdc000019
lcdq000042,lcdc000009
lcdq000043,lcdc000018
lcdq000043,lcdc000019
lcdq000043,lcdc000009
lcdq000044,lcdc000018
lcdq000044,lcdc000019
lcdq000044,lcdc000009
lcdq000045,lcdc000018
lcdq000045,lcdc000019
lcdq000045,lcdc000009
lcdq000046,lcdc000020
lcdq000046,lcdc000021
lcdq000046,lcdc000009
lcdq000047,lcdc000020
lcdq000047,lcdc000021
lcdq000047,lcdc000009
lcdq000048,lcdc000020
lcdq000048,lcdc000021
lcdq000048,lcdc000009
lcdq000049,lcdc000020
lcdq000049,lcdc000021
lcdq000049,lcdc000009
lcdq000050,lcdc000020
lcdq000050,lcdc000021
lcdq000050,lcdc000009
lcdq000051,lcdc000022
lcdq000051,lcdc000023
lcdq000051,lcdc000009
lcdq000052,lcdc000022
lcdq000052,lcdc000023
lcdq000052,lcdc000009
lcdq000053,lcdc000022
lcdq000053,lcdc000023
lcdq000053,lcdc000009
lcdq000054,lcdc000022
lcdq000054,lcdc000023
lcdq000054,lcdc000009
lcdq000055,lcdc000022
lcdq000055,lcdc000023
lcdq000055,lcdc000009
lcdq000056,lcdc000024
lcdq000056,lcdc000025
lcdq000056,lcdc000009
lcdq000057,lcdc000024
lcdq000057,lcdc000025
lcdq000057,lcdc000009
lcdq000058,lcdc000024
lcdq000058,lcdc000025
lcdq000058,lcdc000009
lcdq000059,lcdc000024
lcdq000059,lcdc000025
lcdq000059,lcdc000009
lcdq000060,lcdc000024
lcdq000060,lcdc000025
lcdq000060,lcdc000009
lcdq000061,lcdc000026
lcdq000061,lcdc000027
lcdq000061,lcdc000028
lcdq000062,lcdc000026
lcdq000062,lcdc000027
lcdq000062,lcdc000028
lcdq000063,lcdc000026
lcdq000063,lcdc000027
lcdq000063,lcdc000028
lcdq000064,lcdc000026
lcdq000064,lcdc000027
lcdq000064,lcdc000028
lcdq000065,lcdc000026
lcdq000065,lcdc000027
lcdq000065,lcdc000028
lcdq000066,lcdc000029
lcdq000066,lcdc000030
lcdq000066,lcdc000028
lcdq000067,lcdc000029
lcdq000067,lcdc000030
lcdq000067,lcdc000028
lcdq000068,lcdc000029
lcdq000068,lcdc000030
lcdq000068,lcdc000028
lcdq000069,lcdc000029
lcdq000069,lcdc000030
lcdq000069,lcdc000028
lcdq000070,lcdc000029
lcdq000070,lcdc000030
lcdq000070,lcdc000028
lcdq000071,lcdc000031
lcdq000071,lcdc000032
lcdq000071,lcdc000033
lcdq000072,lcdc000031
lcdq000072,lcdc000032
lcdq000072,lcdc000033
lcdq000073,lcdc000031
lcdq000073,lcdc000032
lcdq000073,lcdc000033
lcdq000074,lcdc000031
lcdq000074,lcdc000032
lcdq000074,lcdc000033
lcdq000075,lcdc000031
lcdq000075,lcdc000032
lcdq000075,lcdc000033
lcdq000076,lcdc000034
lcdq000076,lcdc000035
lcdq000076,lcdc000033
lcdq000077,lcdc000034
lcdq000077,lcdc000035
lcdq000077,lcdc000033
lcdq000078,lcdc000034
lcdq000078,lcdc000035
lcdq000078,lcdc000033
lcdq000079,lcdc000034
lcdq000079,lcdc000035
lcdq000079,lcdc000033
lcdq000080,lcdc000034
lcdq000080,lcdc000035
lcdq000080,lcdc000033
lcdq000081,lcdc000036
lcdq000081,lcdc000037
lcdq000081,lcdc000038
lcdq000082,lcdc000036
lcdq000082,lcdc000037
lcdq000082,lcdc000038
lcdq000083,lcdc000036
lcdq000083,lcdc000037
lcdq000083,lcdc000038
lcdq000084,lcdc000036
lcdq000084,lcdc000037
lcdq000084,lcdc000038
lcdq000085,lcdc000036
lcdq000085,lcdc000037
lcdq000085,lcdc000038
lcdq000086,lcdc000039
lcdq000086,lcdc000040
lcdq000086,lcdc000038
lcdq000087,lcdc000039
lcdq000087,lcdc000040
lcdq000087,lcdc000038
lcdq000088,lcdc000039
lcdq000088,lcdc000040
lcdq000088,lcdc000038
lcdq000089,lcdc000039
lcdq000089,lcdc000040
lcdq000089,lcdc000038
lcdq000090,lcdc000039
lcdq000090,lcdc000040
lcdq000090,lcdc000038
lcdq000091,lcdc000041
lcdq000091,lcdc000042
lcdq000091,lcdc000043
lcdq000092,lcdc000041
lcdq000092,lcdc000042
lcdq000092,lcdc000043
lcdq000093,lcdc000041
lcdq000093,lcdc000042
lcdq000093,lcdc000043
lcdq000094,lcdc000041
lcdq000094,lcdc000042
lcdq000094,lcdc000043
lcdq000095,lcdc000041
lcdq000095,lcdc000042
lcdq000095,lcdc000043
lcdq000096,lcdc000044
lcdq000096,lcdc000045
lcdq000096,lcdc000043
lcdq000097,lcdc000044
lcdq000097,lcdc000045
lcdq000097,lcdc000043
lcdq000098,lcdc000044
lcdq000098,lcdc000045
lcdq000098,lcdc000043
lcdq000099,lcdc000044
lcdq000099,lcdc000045
lcdq000099,lcdc000043
lcdq000100,lcdc000044
lcdq000100,lcdc000045
lcdq000100,lcdc000043
lcdq000101,lcdc000046
lcdq000101,lcdc000047
lcdq000101,lcdc000048
lcdq000102,lcdc000046
lcdq000102,lcdc000047
lcdq000102,lcdc000048
lcdq000103,lcdc000046
lcdq000103,lcdc000047
lcdq000103,lcdc000048
lcdq000104,lcdc000046
lcdq000104,lcdc000047
lcdq000104,lcdc000048
lcdq000105,lcdc000046
lcdq000105,lcdc000047
lcdq000105,lcdc000048
lcdq000106,lcdc000049
lcdq000106,lcdc000050
lcdq000106,lcdc000048
lcdq000107,lcdc000049
lcdq000107,lcdc000050
lcdq000107,lcdc000048
lcdq000108,lcdc000049
lcdq000108,lcdc000050
lcdq000108,lcdc000048
lcdq000109,lcdc000049
lcdq000109,lcdc000050
lcdq000109,lcdc000048
lcdq000110,lcdc000049
lcdq000110,lcdc000050
lcdq000110,lcdc000048
lcdq000111,lcdc000051
lcdq000111,lcdc000052
lcdq000111,lcdc000048
lcdq000112,lcdc000051
lcdq000112,lcdc000052
lcdq000112,lcdc000048
lcdq000113,lcdc000051
lcdq000113,lcdc000052
lcdq000113,lcdc000048
lcdq000114,lcdc000051
lcdq000114,lcdc000052
lcdq000114,lcdc000048
lcdq000115,lcdc000051
lcdq000115,lcdc000052
lcdq000115,lcdc000048
lcdq000116,lcdc000053
lcdq000116,lcdc000054
lcdq000116,lcdc000048
lcdq000117,lcdc000053
lcdq000117,lcdc000054
lcdq000117,lcdc000048
lcdq000118,lcdc000053
lcdq000118,lcdc000054
lcdq000118,lcdc000048
lcdq000119,lcdc000053
lcdq000119,lcdc000054
lcdq000119,lcdc000048
lcdq000120,lcdc000053
lcdq000120,lcdc000054
lcdq000120,lcdc000048
lcdq000121,lcdc000055
lcdq000121,lcdc000056
lcdq000121,lcdc000057
lcdq000122,lcdc000055
lcdq000122,lcdc000056
lcdq000122,lcdc000057
lcdq000123,lcdc000055
lcdq000123,lcdc000056
lcdq000123,lcdc000057
lcdq000124,lcdc000055
lcdq000124,lcdc000056
lcdq000124,lcdc000057
lcdq000125,lcdc000055
lcdq000125,lcdc000056
lcdq000125,lcdc000057
lcdq000126,lcdc000058
lcdq000126,lcdc000059
lcdq000126,lcdc000057
lcdq000127,lcdc000058
lcdq000127,lcdc000059
lcdq000127,lcdc000057
lcdq000128,lcdc000058
lcdq000128,lcdc000059
lcdq000128,lcdc000057
lcdq000129,lcdc000058
lcdq000129,lcdc000059
lcdq000129,lcdc000057
lcdq000130,lcdc000058
lcdq000130,lcdc000059
lcdq000130,lcdc000057
lcdq000131,lcdc000060
lcdq000131,lcdc000061
lcdq000131,lcdc000057
lcdq000132,lcdc000060
lcdq000132,lcdc000061
lcdq000132,lcdc000057
lcdq000133,lcdc000060
lcdq000133,lcdc000061
lcdq000133,lcdc000057
lcdq000134,lcdc000060
lcdq000134,lcdc000061
lcdq000134,lcdc000057
lcdq000135,lcdc000060
lcdq000135,lcdc000061
lcdq000135,lcdc000057
lcdq000136,lcdc000062
lcdq000136,lcdc000063
lcdq000136,lcdc000057
lcdq000137,lcdc000062
lcdq000137,lcdc000063
lcdq000137,lcdc000057
lcdq000138,lcdc000062
lcdq000138,lcdc000063
lcdq000138,lcdc000057
lcdq000139,lcdc000062
lcdq000139,lcdc000063
lcdq000139,lcdc000057
lcdq000140,lcdc000062
lcdq000140,lcdc000063
lcdq000140,lcdc000057
lcdq000141,lcdc000064
lcdq000141,lcdc000065
lcdq000141,lcdc000057
lcdq000142,lcdc000064
lcdq000142,lcdc000065
lcdq000142,lcdc000057
lcdq000143,lcdc000064
lcdq000143,lcdc000065
lcdq000143,lcdc000057
lcdq000144,lcdc000064
lcdq000144,lcdc000065
lcdq000144,lcdc000057
lcdq000145,lcdc000064
lcdq000145,lcdc000065
lcdq000145,lcdc000057
lcdq000146,lcdc000066
lcdq000146,lcdc000067
lcdq000146,lcdc000057
lcdq000147,lcdc000066
lcdq000147,lcdc000067
lcdq000147,lcdc000057
lcdq000148,lcdc000066
lcdq000148,lcdc000067
lcdq000148,lcdc000057
lcdq000149,lcdc000066
lcdq000149,lcdc000067
lcdq000149,lcdc000057
lcdq000150,lcdc000066
lcdq000150,lcdc000067
lcdq000150,lcdc000057
lcdq000151,lcdc000068
lcdq000151,lcdc000069
lcdq000151,lcdc000057
lcdq000152,lcdc000068
lcdq000152,lcdc000069
lcdq000152,lcdc000057
lcdq000153,lcdc000068
lcdq000153,lcdc000069
lcdq000153,lcdc000057
lcdq000154,lcdc000068
lcdq000154,lcdc000069
lcdq000154,lcdc000057
lcdq000155,lcdc000068
lcdq000155,lcdc000069
lcdq000155,lcdc000057
lcdq000156,lcdc000070
lcdq000156,lcdc000071
lcdq000156,lcdc000057
lcdq000157,lcdc000070
lcdq000157,lcdc000071
lcdq000157,lcdc000057
lcdq000158,lcdc000070
lcdq000158,lcdc000071
lcdq000158,lcdc000057
lcdq000159,lcdc000070
lcdq000159,lcdc000071
lcdq000159,lcdc000057
lcdq000160,lcdc000070
lcdq000160,lcdc000071
lcdq000160,lcdc000057
lcdq000161,lcdc000072
lcdq000161,lcdc000073
lcdq000161,lcdc000057
lcdq000162,lcdc000072
lcdq000162,lcdc000073
lcdq000162,lcdc000057
lcdq000163,lcdc000072
lcdq000163,lcdc000073
lcdq000163,lcdc000057
lcdq000164,lcdc000072
lcdq000164,lcdc000073
lcdq000164,lcdc000057
lcdq000165,lcdc000072
lcdq000165,lcdc000073
lcdq000165,lcdc000057
lcdq000166,lcdc000074
lcdq000166,lcdc000075
lcdq000166,lcdc000057
lcdq000167,lcdc000074
lcdq000167,lcdc000075
lcdq000167,lcdc000057
lcdq000168,lcdc000074
lcdq000168,lcdc000075
lcdq000168,lcdc000057
lcdq000169,lcdc000074
lcdq000169,lcdc000075
lcdq000169,lcdc000057
lcdq000170,lcdc000074
lcdq000170,lcdc000075
lcdq000170,lcdc000057
lcdq000171,lcdc000076
lcdq000171,lcdc000077
lcdq000171,lcdc000078
lcdq000172,lcdc000076
lcdq000172,lcdc000077
lcdq000172,lcdc000078
lcdq000173,lcdc000076
lcdq000173,lcdc000077
lcdq000173,lcdc000078
lcdq000174,lcdc000076
lcdq000174,lcdc000077
lcdq000174,lcdc000078
lcdq000175,lcdc000076
lcdq000175,lcdc000077
lcdq000175,lcdc000078
lcdq000176,lcdc000079
lcdq000176,lcdc000080
lcdq000176,lcdc000078
lcdq000177,lcdc000079
lcdq000177,lcdc000080
lcdq000177,lcdc000078
lcdq000178,lcdc000079
lcdq000178,lcdc000080
lcdq000178,lcdc000078
lcdq000179,lcdc000079
lcdq000179,lcdc000080
lcdq000179,lcdc000078
lcdq000180,lcdc000079
lcdq000180,lcdc000080
lcdq000180,lcdc000078
lcdq000181,lcdc000081
lcdq000181,lcdc000082
lcdq000181,lcdc000078
lcdq000182,lcdc000081
lcdq000182,lcdc000082
lcdq000182,lcdc000078
lcdq000183,lcdc000081
lcdq000183,lcdc000082
lcdq000183,lcdc000078
lcdq000184,lcdc000081
lcdq000184,lcdc000082
lcdq000184,lcdc000078
lcdq000185,lcdc000081
lcdq000185,lcdc000082
lcdq000185,lcdc000078
lcdq000186,lcdc000083
lcdq000186,lcdc000084
lcdq000186,lcdc000078
lcdq000187,lcdc000083
lcdq000187,lcdc000084
lcdq000187,lcdc000078
lcdq000188,lcdc000083
lcdq000188,lcdc000084
lcdq000188,lcdc000078
lcdq000189,lcdc000083
lcdq000189,lcdc000084
lcdq000189,lcdc000078
lcdq000190,lcdc000083
lcdq000190,lcdc000084
lcdq000190,lcdc000078
lcdq000191,lcdc000085
lcdq000191,lcdc000086
lcdq000191,lcdc000078
lcdq000192,lcdc000085
lcdq000192,lcdc000086
lcdq000192,lcdc000078
lcdq000193,lcdc000085
lcdq000193,lcdc000086
lcdq000193,lcdc000078
lcdq000194,lcdc000085
lcdq000194,lcdc000086
lcdq000194,lcdc000078
lcdq000195,lcdc000085
lcdq000195,lcdc000086
lcdq000195,lcdc000078
lcdq000196,lcdc000087
lcdq000196,lcdc000088
lcdq000196,lcdc000078
lcdq000197,lcdc000087
lcdq000197,lcdc000088
lcdq000197,lcdc000078
lcdq000198,lcdc000087
lcdq000198,lcdc000088
lcdq000198,lcdc000078
lcdq000199,lcdc000087
lcdq000199,lcdc000088
lcdq000199,lcdc000078
lcdq000200,lcdc000087
lcdq000200,lcdc000088
lcdq000200,lcdc000078
lcdq000201,lcdc000089
lcdq000201,lcdc000090
lcdq000201,lcdc000091
lcdq000202,lcdc000089
lcdq000202,lcdc000090
lcdq000202,lcdc000091
lcdq000203,lcdc000089
lcdq000203,lcdc000090
lcdq000203,lcdc000091
lcdq000204,lcdc000089
lcdq000204,lcdc000090
lcdq000204,lcdc000091
lcdq000205,lcdc000089
lcdq000205,lcdc000090
lcdq000205,lcdc000091
lcdq000206,lcdc000092
lcdq000206,lcdc000093
lcdq000206,lcdc000091
lcdq000207,lcdc000092
lcdq000207,lcdc000093
lcdq000207,lcdc000091
lcdq000208,lcdc000092
lcdq000208,lcdc000093
lcdq000208,lcdc000091
lcdq000209,lcdc000092
lcdq000209,lcdc000093
lcdq000209,lcdc000091
lcdq000210,lcdc000092
lcdq000210,lcdc000093
lcdq000210,lcdc000091
lcdq000211,lcdc000094
lcdq000211,lcdc000095
lcdq000212,lcdc000094
lcdq000212,lcdc000095
lcdq000213,lcdc000094
lcdq000213,lcdc000095
lcdq000214,lcdc000094
lcdq000214,lcdc000095
lcdq000215,lcdc000094
lcdq000215,lcdc000095
lcdq000216,lcdc000096
lcdq000216,lcdc000097
lcdq000216,lcdc000098
lcdq000217,lcdc000096
lcdq000217,lcdc000097
lcdq000217,lcdc000098
lcdq000218,lcdc000096
lcdq000218,lcdc000097
lcdq000218,lcdc000098
lcdq000219,lcdc000096
lcdq000219,lcdc000097
lcdq000219,lcdc000098
lcdq000220,lcdc000096
lcdq000220,lcdc000097
lcdq000220,lcdc000098
lcdq000221,lcdc000099
lcdq000221,lcdc000100
lcdq000221,lcdc000098
lcdq000222,lcdc000099
lcdq000222,lcdc000100
lcdq000222,lcdc000098
lcdq000223,lcdc000099
lcdq000223,lcdc000100
lcdq000223,lcdc000098
lcdq000224,lcdc000099
lcdq000224,lcdc000100
lcdq000224,lcdc000098
lcdq000225,lcdc000099
lcdq000225,lcdc000100
lcdq000225,lcdc000098
lcdq000226,lcdc000101
lcdq000226,lcdc000102
lcdq000226,lcdc000098
lcdq000227,lcdc000101
lcdq000227,lcdc000102
lcdq000227,lcdc000098
lcdq000228,lcdc000101
lcdq000228,lcdc000102
lcdq000228,lcdc000098
lcdq000229,lcdc000101
lcdq000229,lcdc000102
lcdq000229,lcdc000098
lcdq000230,lcdc000101
lcdq000230,lcdc000102
lcdq000230,lcdc000098
lcdq000231,lcdc000103
lcdq000231,lcdc000104
lcdq000231,lcdc000098
lcdq000232,lcdc000103
lcdq000232,lcdc000104
lcdq000232,lcdc000098
lcdq000233,lcdc000103
lcdq000233,lcdc000104
lcdq000233,lcdc000098
lcdq000234,lcdc000103
lcdq000234,lcdc000104
lcdq000234,lcdc000098
lcdq000235,lcdc000103
lcdq000235,lcdc000104
lcdq000235,lcdc000098
lcdq000236,lcdc000105
lcdq000236,lcdc000106
lcdq000236,lcdc000107
lcdq000237,lcdc000105
lcdq000237,lcdc000106
lcdq000237,lcdc000107
lcdq000238,lcdc000105
lcdq000238,lcdc000106
lcdq000238,lcdc000107
lcdq000239,lcdc000105
lcdq000239,lcdc000106
lcdq000239,lcdc000107
lcdq000240,lcdc000105
lcdq000240,lcdc000106
lcdq000240,lcdc000107
lcdq000241,lcdc000108
lcdq000241,lcdc000109
lcdq000241,lcdc000107
lcdq000242,lcdc000108
lcdq000242,lcdc000109
lcdq000242,lcdc000107
lcdq000243,lcdc000108
lcdq000243,lcdc000109
lcdq000243,lcdc000107
lcdq000244,lcdc000108
lcdq000244,lcdc000109
lcdq000244,lcdc000107
lcdq000245,lcdc000108
lcdq000245,lcdc000109
lcdq000245,lcdc000107
lcdq000246,lcdc000110
lcdq000246,lcdc000111
lcdq000246,lcdc000107
lcdq000247,lcdc000110
lcdq000247,lcdc000111
lcdq000247,lcdc000107
lcdq000248,lcdc000110
lcdq000248,lcdc000111
lcdq000248,lcdc000107
lcdq000249,lcdc000110
lcdq000249,lcdc000111
lcdq000249,lcdc000107
lcdq000250,lcdc000110
lcdq000250,lcdc000111
lcdq000250,lcdc000107
lcdq000251,lcdc000112
lcdq000251,lcdc000113
lcdq000251,lcdc000114
lcdq000252,lcdc000112
lcdq000252,lcdc000113
lcdq000252,lcdc000114
lcdq000253,lcdc000112
lcdq000253,lcdc000113
lcdq000253,lcdc000114
lcdq000254,lcdc000112
lcdq000254,lcdc000113
lcdq000254,lcdc000114
lcdq000255,lcdc000112
lcdq000255,lcdc000113
lcdq000255,lcdc000114
lcdq000256,lcdc000115
lcdq000256,lcdc000116
lcdq000256,lcdc000114
lcdq000257,lcdc000115
lcdq000257,lcdc000116
lcdq000257,lcdc000114
lcdq000258,lcdc000115
lcdq000258,lcdc000116
lcdq000258,lcdc000114
lcdq000259,lcdc000115
lcdq000259,lcdc000116
lcdq000259,lcdc000114
lcdq000260,lcdc000115
lcdq000260,lcdc000116
lcdq000260,lcdc000114
lcdq000261,lcdc000117
lcdq000261,lcdc000118
lcdq000262,lcdc000117
lcdq000262,lcdc000118
lcdq000263,lcdc000117
lcdq000263,lcdc000118
lcdq000264,lcdc000117
lcdq000264,lcdc000118
lcdq000265,lcdc000117
lcdq000265,lcdc000118
lcdq000266,lcdc000119
lcdq000266,lcdc000120
lcdq000266,lcdc000121
lcdq000267,lcdc000119
lcdq000267,lcdc000120
lcdq000267,lcdc000121
lcdq000268,lcdc000119
lcdq000268,lcdc000120
lcdq000268,lcdc000121
lcdq000269,lcdc000119
lcdq000269,lcdc000120
lcdq000269,lcdc000121
lcdq000270,lcdc000119
lcdq000270,lcdc000120
lcdq000270,lcdc000121
lcdq000271,lcdc000122
lcdq000271,lcdc000123
lcdq000271,lcdc000121
lcdq000272,lcdc000122
lcdq000272,lcdc000123
lcdq000272,lcdc000121
lcdq000273,lcdc000122
lcdq000273,lcdc000123
lcdq000273,lcdc000121
lcdq000274,lcdc000122
lcdq000274,lcdc000123
lcdq000274,lcdc000121
lcdq000275,lcdc000122
lcdq000275,lcdc000123
lcdq000275,lcdc000121
lcdq000276,lcdc000124
lcdq000276,lcdc000125
lcdq000276,lcdc000121
lcdq000277,lcdc000124
lcdq000277,lcdc000125
lcdq000277,lcdc000121
lcdq000278,lcdc000124
lcdq000278,lcdc000125
lcdq000278,lcdc000121
lcdq000279,lcdc000124
lcdq000279,lcdc000125
lcdq000279,lcdc000121
lcdq000280,lcdc000124
lcdq000280,lcdc000125
lcdq000280,lcdc000121
lcdq000281,lcdc000126
lcdq000281,lcdc000127
lcdq000281,lcdc000121
lcdq000282,lcdc000126
lcdq000282,lcdc000127
lcdq000282,lcdc000121
lcdq000283,lcdc000126
lcdq000283,lcdc000127
lcdq000283,lcdc000121
lcdq000284,lcdc000126
lcdq000284,lcdc000127
lcdq000284,lcdc000121
lcdq000285,lcdc000126
lcdq000285,lcdc000127
lcdq000285,lcdc000121
lcdq000286,lcdc000128
lcdq000286,lcdc000129
lcdq000286,lcdc000121
lcdq000287,lcdc000128
lcdq000287,lcdc000129
lcdq000287,lcdc000121
lcdq000288,lcdc000128
lcdq000288,lcdc000129
lcdq000288,lcdc000121
lcdq000289,lcdc000128
lcdq000289,lcdc000129
lcdq000289,lcdc000121
lcdq000290,lcdc000128
lcdq000290,lcdc000129
lcdq000290,lcdc000121
lcdq000291,lcdc000130
lcdq000291,lcdc000131
lcdq000291,lcdc000121
lcdq000292,lcdc000130
lcdq000292,lcdc000131
lcdq000292,lcdc000121
lcdq000293,lcdc000130
lcdq000293,lcdc000131
lcdq000293,lcdc000121
lcdq000294,lcdc000130
lcdq000294,lcdc000131
lcdq000294,lcdc000121
lcdq000295,lcdc000130
lcdq000295,lcdc000131
lcdq000295,lcdc000121
lcdq000296,lcdc000132
lcdq000296,lcdc000133
lcdq000296,lcdc000121
lcdq000297,lcdc000132
lcdq000297,lcdc000133
lcdq000297,lcdc000121
lcdq000298,lcdc000132
lcdq000298,lcdc000133
lcdq000298,lcdc000121
lcdq000299,lcdc000132
lcdq000299,lcdc000133
lcdq000299,lcdc000121
lcdq000300,lcdc000132
lcdq000300,lcdc000133
lcdq000300,lcdc000121
lcdq000301,lcdc000134
lcdq000301,lcdc000135
lcdq000301,lcdc000136
lcdq000302,lcdc000134
lcdq000302,lcdc000135
lcdq000302,lcdc000136
lcdq000303,lcdc000134
lcdq000303,lcdc000135
lcdq000303,lcdc000136
lcdq000304,lcdc000134
lcdq000304,lcdc000135
lcdq000304,lcdc000136
lcdq000305,lcdc000134
lcdq000305,lcdc000135
lcdq000305,lcdc000136
lcdq000306,lcdc000137
lcdq000306,lcdc000138
lcdq000306,lcdc000136
lcdq000307,lcdc000137
lcdq000307,lcdc000138
lcdq000307,lcdc000136
lcdq000308,lcdc000137
lcdq000308,lcdc000138
lcdq000308,lcdc000136
lcdq000309,lcdc000137
lcdq000309,lcdc000138
lcdq000309,lcdc000136
lcdq000310,lcdc000137
lcdq000310,lcdc000138
lcdq000310,lcdc000136
lcdq000311,lcdc000139
lcdq000311,lcdc000140
lcdq000311,lcdc000136
lcdq000312,lcdc000139
lcdq000312,lcdc000140
lcdq000312,lcdc000136
lcdq000313,lcdc000139
lcdq000313,lcdc000140
lcdq000313,lcdc000136
lcdq000314,lcdc000139
lcdq000314,lcdc000140
lcdq000314,lcdc000136
lcdq000315,lcdc000139
lcdq000315,lcdc000140
lcdq000315,lcdc000136
lcdq000316,lcdc000141
lcdq000316,lcdc000142
lcdq000317,lcdc000141
lcdq000317,lcdc000142
lcdq000318,lcdc000141
lcdq000318,lcdc000142
lcdq000319,lcdc000141
lcdq000319,lcdc000142
lcdq000320,lcdc000141
lcdq000320,lcdc000142
lcdq000321,lcdc000143
lcdq000321,lcdc000144
lcdq000321,lcdc000145
lcdq000322,lcdc000143
lcdq000322,lcdc000144
lcdq000322,lcdc000145
lcdq000323,lcdc000143
lcdq000323,lcdc000144
lcdq000323,lcdc000145
lcdq000324,lcdc000143
lcdq000324,lcdc000144
lcdq000324,lcdc000145
lcdq000325,lcdc000143
lcdq000325,lcdc000144
lcdq000325,lcdc000145
lcdq000326,lcdc000146
lcdq000326,lcdc000147
lcdq000326,lcdc000145
lcdq000327,lcdc000146
lcdq000327,lcdc000147
lcdq000327,lcdc000145
lcdq000328,lcdc000146
lcdq000328,lcdc000147
lcdq000328,lcdc000145
lcdq000329,lcdc000146
lcdq000329,lcdc000147
lcdq000329,lcdc000145
lcdq000330,lcdc000146
lcdq000330,lcdc000147
lcdq000330,lcdc000145
lcdq000331,lcdc000148
lcdq000331,lcdc000149
lcdq000331,lcdc000145
lcdq000332,lcdc000148
lcdq000332,lcdc000149
lcdq000332,lcdc000145
lcdq000333,lcdc000148
lcdq000333,lcdc000149
lcdq000333,lcdc000145
lcdq000334,lcdc000148
lcdq000334,lcdc000149
lcdq000334,lcdc000145
lcdq000335,lcdc000148
lcdq000335,lcdc000149
lcdq000335,lcdc000145
lcdq000336,lcdc000150
lcdq000336,lcdc000151
lcdq000336,lcdc000145
lcdq000337,lcdc000150
lcdq000337,lcdc000151
lcdq000337,lcdc000145
lcdq000338,lcdc000150
lcdq000338,lcdc000151
lcdq000338,lcdc000145
lcdq000339,lcdc000150
lcdq000339,lcdc000151
lcdq000339,lcdc000145
lcdq000340,lcdc000150
lcdq000340,lcdc000151
lcdq000340,lcdc000145
lcdq000341,lcdc000152
lcdq000341,lcdc000153
lcdq000341,lcdc000154
lcdq000342,lcdc000152
lcdq000342,lcdc000153
lcdq000342,lcdc000154
lcdq000343,lcdc000152
lcdq000343,lcdc000153
lcdq000343,lcdc000154
lcdq000344,lcdc000152
lcdq000344,lcdc000153
lcdq000344,lcdc000154
lcdq000345,lcdc000152
lcdq000345,lcdc000153
lcdq000345,lcdc000154
lcdq000346,lcdc000155
lcdq000346,lcdc000156
lcdq000346,lcdc000154
lcdq000347,lcdc000155
lcdq000347,lcdc000156
lcdq000347,lcdc000154
lcdq000348,lcdc000155
lcdq000348,lcdc000156
lcdq000348,lcdc000154
lcdq000349,lcdc000155
lcdq000349,lcdc000156
lcdq000349,lcdc000154
lcdq000350,lcdc000155
lcdq000350,lcdc000156
lcdq000350,lcdc000154
lcdq000351,lcdc000157
lcdq000351,lcdc000158
lcdq000351,lcdc000154
lcdq000352,lcdc000157
lcdq000352,lcdc000158
lcdq000352,lcdc000154
lcdq000353,lcdc000157
lcdq000353,lcdc000158
lcdq000353,lcdc000154
lcdq000354,lcdc000157
lcdq000354,lcdc000158
lcdq000354,lcdc000154
lcdq000355,lcdc000157
lcdq000355,lcdc000158
lcdq000355,lcdc000154
lcdq000356,lcdc000159
lcdq000356,lcdc000160
lcdq000356,lcdc000154
lcdq000357,lcdc000159
lcdq000357,lcdc000160
lcdq000357,lcdc000154
lcdq000358,lcdc000159
lcdq000358,lcdc000160
lcdq000358,lcdc000154
lcdq000359,lcdc000159
lcdq000359,lcdc000160
lcdq000359,lcdc000154
lcdq000360,lcdc000159
lcdq000360,lcdc000160
lcdq000360,lcdc000154
lcdq000361,lcdc000161
lcdq000361,lcdc000162
lcdq000361,lcdc000154
lcdq000362,lcdc000161
lcdq000362,lcdc000162
lcdq000362,lcdc000154
lcdq000363,lcdc000161
lcdq000363,lcdc000162
lcdq000363,lcdc000154
lcdq000364,lcdc000161
lcdq000364,lcdc000162
lcdq000364,lcdc000154
lcdq000365,lcdc000161
lcdq000365,lcdc000162
lcdq000365,lcdc000154
lcdq000366,lcdc000163
lcdq000366,lcdc000164
lcdq000366,lcdc000154
lcdq000367,lcdc000163
lcdq000367,lcdc000164
lcdq000367,lcdc000154
lcdq000368,lcdc000163
lcdq000368,lcdc000164
lcdq000368,lcdc000154
lcdq000369,lcdc000163
lcdq000369,lcdc000164
lcdq000369,lcdc000154
lcdq000370,lcdc000163
lcdq000370,lcdc000164
lcdq000370,lcdc000154
lcdq000371,lcdc000165
lcdq000371,lcdc000166
lcdq000371,lcdc000154
lcdq000372,lcdc000165
lcdq000372,lcdc000166
lcdq000372,lcdc000154
lcdq000373,lcdc000165
lcdq000373,lcdc000166
lcdq000373,lcdc000154
lcdq000374,lcdc000165
lcdq000374,lcdc000166
lcdq000374,lcdc000154
lcdq000375,lcdc000165
lcdq000375,lcdc000166
lcdq000375,lcdc000154
lcdq000376,lcdc000167
lcdq000376,lcdc000168
lcdq000376,lcdc000154
lcdq000377,lcdc000167
lcdq000377,lcdc000168
lcdq000377,lcdc000154
lcdq000378,lcdc000167
lcdq000378,lcdc000168
lcdq000378,lcdc000154
lcdq000379,lcdc000167
lcdq000379,lcdc000168
lcdq000379,lcdc000154
lcdq000380,lcdc000167
lcdq000380,lcdc000168
lcdq000380,lcdc000154
lcdq000381,lcdc000169
lcdq000381,lcdc000170
lcdq000381,lcdc000154
lcdq000382,lcdc000169
lcdq000382,lcdc000170
lcdq000382,lcdc000154
lcdq000383,lcdc000169
lcdq000383,lcdc000170
lcdq000383,lcdc000154
lcdq000384,lcdc000169
lcdq000384,lcdc000170
lcdq000384,lcdc000154
lcdq000385,lcdc000169
lcdq000385,lcdc000170
lcdq000385,lcdc000154
lcdq000386,lcdc000171
lcdq000386,lcdc000172
lcdq000386,lcdc000173
lcdq000387,lcdc000171
lcdq000387,lcdc000172
lcdq000387,lcdc000173
lcdq000388,lcdc000171
lcdq000388,lcdc000172
lcdq000388,lcdc000173
lcdq000389,lcdc000171
lcdq000389,lcdc000172
lcdq000389,lcdc000173
lcdq000390,lcdc000171
lcdq000390,lcdc000172
lcdq000390,lcdc000173
lcdq000391,lcdc000174
lcdq000391,lcdc000175
lcdq000391,lcdc000173
lcdq000392,lcdc000174
lcdq000392,lcdc000175
lcdq000392,lcdc000173
lcdq000393,lcdc000174
lcdq000393,lcdc000175
lcdq000393,lcdc000173
lcdq000394,lcdc000174
lcdq000394,lcdc000175
lcdq000394,lcdc000173
lcdq000395,lcdc000174
lcdq000395,lcdc000175
lcdq000395,lcdc000173
lcdq000396,lcdc000176
lcdq000396,lcdc000177
lcdq000396,lcdc000173
lcdq000397,lcdc000176
lcdq000397,lcdc000177
lcdq000397,lcdc000173
lcdq000398,lcdc000176
lcdq000398,lcdc000177
lcdq000398,lcdc000173
lcdq000399,lcdc000176
lcdq000399,lcdc000177
lcdq000399,lcdc000173
lcdq000400,lcdc000176
lcdq000400,lcdc000177
lcdq000400,lcdc000173
lcdq000401,lcdc000178
lcdq000401,lcdc000179
lcdq000401,lcdc000180
lcdq000402,lcdc000178
lcdq000402,lcdc000179
lcdq000402,lcdc000180
lcdq000403,lcdc000178
lcdq000403,lcdc000179
lcdq000403,lcdc000180
lcdq000404,lcdc000178
lcdq000404,lcdc000179
lcdq000404,lcdc000180
lcdq000405,lcdc000178
lcdq000405,lcdc000179
lcdq000405,lcdc000180
lcdq000406,lcdc000181
lcdq000406,lcdc000182
lcdq000406,lcdc000180
lcdq000407,lcdc000181
lcdq000407,lcdc000182
lcdq000407,lcdc000180
lcdq000408,lcdc000181
lcdq000408,lcdc000182
lcdq000408,lcdc000180
lcdq000409,lcdc000181
lcdq000409,lcdc000182
lcdq000409,lcdc000180
lcdq000410,lcdc000181
lcdq000410,lcdc000182
lcdq000410,lcdc000180
lcdq000411,lcdc000183
lcdq000411,lcdc000184
lcdq000411,lcdc000180
lcdq000412,lcdc000183
lcdq000412,lcdc000184
lcdq000412,lcdc000180
lcdq000413,lcdc000183
lcdq000413,lcdc000184
lcdq000413,lcdc000180
lcdq000414,lcdc000183
lcdq000414,lcdc000184
lcdq000414,lcdc000180
lcdq000415,lcdc000183
lcdq000415,lcdc000184
lcdq000415,lcdc000180
lcdq000416,lcdc000185
lcdq000416,lcdc000186
lcdq000416,lcdc000180
lcdq000417,lcdc000185
lcdq000417,lcdc000186
lcdq000417,lcdc000180
lcdq000418,lcdc000185
lcdq000418,lcdc000186
lcdq000418,lcdc000180
lcdq000419,lcdc000185
lcdq000419,lcdc000186
lcdq000419,lcdc000180
lcdq000420,lcdc000185
lcdq000420,lcdc000186
lcdq000420,lcdc000180
lcdq000421,lcdc000187
lcdq000421,lcdc000188
lcdq000421,lcdc000180
lcdq000422,lcdc000187
lcdq000422,lcdc000188
lcdq000422,lcdc000180
lcdq000423,lcdc000187
lcdq000423,lcdc000188
lcdq000423,lcdc000180
lcdq000424,lcdc000187
lcdq000424,lcdc000188
lcdq000424,lcdc000180
lcdq000425,lcdc000187
lcdq000425,lcdc000188
lcdq000425,lcdc000180
lcdq000426,lcdc000189
lcdq000426,lcdc000190
lcdq000426,lcdc000191
lcdq000427,lcdc000189
lcdq000427,lcdc000190
lcdq000427,lcdc000191
lcdq000428,lcdc000189
lcdq000428,lcdc000190
lcdq000428,lcdc000191
lcdq000429,lcdc000189
lcdq000429,lcdc000190
lcdq000429,lcdc000191
lcdq000430,lcdc000189
lcdq000430,lcdc000190
lcdq000430,lcdc000191
lcdq000431,lcdc000192
lcdq000431,lcdc000193
lcdq000431,lcdc000191
lcdq000432,lcdc000192
lcdq000432,lcdc000193
lcdq000432,lcdc000191
lcdq000433,lcdc000192
lcdq000433,lcdc000193
lcdq000433,lcdc000191
lcdq000434,lcdc000192
lcdq000434,lcdc000193
lcdq000434,lcdc000191
lcdq000435,lcdc000192
lcdq000435,lcdc000193
lcdq000435,lcdc000191
lcdq000436,lcdc000194
lcdq000436,lcdc000195
lcdq000436,lcdc000191
lcdq000437,lcdc000194
lcdq000437,lcdc000195
lcdq000437,lcdc000191
lcdq000438,lcdc000194
lcdq000438,lcdc000195
lcdq000438,lcdc000191
lcdq000439,lcdc000194
lcdq000439,lcdc000195
lcdq000439,lcdc000191
lcdq000440,lcdc000194
lcdq000440,lcdc000195
lcdq000440,lcdc000191
lcdq000441,lcdc000196
lcdq000441,lcdc000197
lcdq000441,lcdc000198
lcdq000442,lcdc000196
lcdq000442,lcdc000197
lcdq000442,lcdc000198
lcdq000443,lcdc000196
lcdq000443,lcdc000197
lcdq000443,lcdc000198
lcdq000444,lcdc000196
lcdq000444,lcdc000197
lcdq000444,lcdc000198
lcdq000445,lcdc000196
lcdq000445,lcdc000197
lcdq000445,lcdc000198
lcdq000446,lcdc000199
lcdq000446,lcdc000200
lcdq000446,lcdc000198
lcdq000447,lcdc000199
lcdq000447,lcdc000200
lcdq000447,lcdc000198
lcdq000448,lcdc000199
lcdq000448,lcdc000200
lcdq000448,lcdc000198
lcdq000449,lcdc000199
lcdq000449,lcdc000200
lcdq000449,lcdc000198
lcdq000450,lcdc000199
lcdq000450,lcdc000200
lcdq000450,lcdc000198
lcdq000451,lcdc000201
lcdq000451,lcdc000202
lcdq000451,lcdc000198
lcdq000452,lcdc000201
lcdq000452,lcdc000202
lcdq000452,lcdc000198
lcdq000453,lcdc000201
lcdq000453,lcdc000202
lcdq000453,lcdc000198
lcdq000454,lcdc000201
lcdq000454,lcdc000202
lcdq000454,lcdc000198
lcdq000455,lcdc000201
lcdq000455,lcdc000202
lcdq000455,lcdc000198
lcdq000456,lcdc000203
lcdq000456,lcdc000204
lcdq000456,lcdc000198
lcdq000457,lcdc000203
lcdq000457,lcdc000204
lcdq000457,lcdc000198
lcdq000458,lcdc000203
lcdq000458,lcdc000204
lcdq000458,lcdc000198
lcdq000459,lcdc000203
lcdq000459,lcdc000204
lcdq000459,lcdc000198
lcdq000460,lcdc000203
lcdq000460,lcdc000204
lcdq000460,lcdc000198
lcdq000461,lcdc000205
lcdq000461,lcdc000206
lcdq000461,lcdc000198
lcdq000462,lcdc000205
lcdq000462,lcdc000206
lcdq000462,lcdc000198
lcdq000463,lcdc000205
lcdq000463,lcdc000206
lcdq000463,lcdc000198
lcdq000464,lcdc000205
lcdq000464,lcdc000206
lcdq000464,lcdc000198
lcdq000465,lcdc000205
lcdq000465,lcdc000206
lcdq000465,lcdc000198
lcdq000466,lcdc000207
lcdq000466,lcdc000208
lcdq000466,lcdc000209
lcdq000467,lcdc000207
lcdq000467,lcdc000208
lcdq000467,lcdc000209
lcdq000468,lcdc000207
lcdq000468,lcdc000208
lcdq000468,lcdc000209
lcdq000469,lcdc000207
lcdq000469,lcdc000208
lcdq000469,lcdc000209
lcdq000470,lcdc000207
lcdq000470,lcdc000208
lcdq000470,lcdc000209
lcdq000471,lcdc000210
lcdq000471,lcdc000211
lcdq000471,lcdc000209
lcdq000472,lcdc000210
lcdq000472,lcdc000211
lcdq000472,lcdc000209
lcdq000473,lcdc000210
lcdq000473,lcdc000211
lcdq000473,lcdc000209
lcdq000474,lcdc000210
lcdq000474,lcdc000211
lcdq000474,lcdc000209
lcdq000475,lcdc000210
lcdq000475,lcdc000211
lcdq000475,lcdc000209
lcdq000476,lcdc000212
lcdq000476,lcdc000213
lcdq000476,lcdc000209
lcdq000477,lcdc000212
lcdq000477,lcdc000213
lcdq000477,lcdc000209
lcdq000478,lcdc000212
lcdq000478,lcdc000213
lcdq000478,lcdc000209
lcdq000479,lcdc000212
lcdq000479,lcdc000213
lcdq000479,lcdc000209
lcdq000480,lcdc000212
lcdq000480,lcdc000213
lcdq000480,lcdc000209
lcdq000481,lcdc000214
lcdq000481,lcdc000211
lcdq000481,lcdc000209
lcdq000482,lcdc000214
lcdq000482,lcdc000211
lcdq000482,lcdc000209
lcdq000483,lcdc000214
lcdq000483,lcdc000211
lcdq000483,lcdc000209
lcdq000484,lcdc000214
lcdq000484,lcdc000211
lcdq000484,lcdc000209
lcdq000485,lcdc000214
lcdq000485,lcdc000211
lcdq000485,lcdc000209
lcdq000486,lcdc000215
lcdq000486,lcdc000216
lcdq000486,lcdc000209
lcdq000487,lcdc000215
lcdq000487,lcdc000216
lcdq000487,lcdc000209
lcdq000488,lcdc000215
lcdq000488,lcdc000216
lcdq000488,lcdc000209
lcdq000489,lcdc000215
lcdq000489,lcdc000216
lcdq000489,lcdc000209
lcdq000490,lcdc000215
lcdq000490,lcdc000216
lcdq000490,lcdc000209
lcdq000491,lcdc000217
lcdq000491,lcdc000218
lcdq000491,lcdc000209
lcdq000492,lcdc000217
lcdq000492,lcdc000218
lcdq000492,lcdc000209
lcdq000493,lcdc000217
lcdq000493,lcdc000218
lcdq000493,lcdc000209
lcdq000494,lcdc000217
lcdq000494,lcdc000218
lcdq000494,lcdc000209
lcdq000495,lcdc000217
lcdq000495,lcdc000218
lcdq000495,lcdc000209
lcdq000496,lcdc000219
lcdq000496,lcdc000220
lcdq000496,lcdc000209
lcdq000497,lcdc000219
lcdq000497,lcdc000220
lcdq000497,lcdc000209
lcdq000498,lcdc000219
lcdq000498,lcdc000220
lcdq000498,lcdc000209
lcdq000499,lcdc000219
lcdq000499,lcdc000220
lcdq000499,lcdc000209
lcdq000500,lcdc000219
lcdq000500,lcdc000220
lcdq000500,lcdc000209
lcdq000501,lcdc000221
lcdq000501,lcdc000222
lcdq000501,lcdc000209
lcdq000502,lcdc000221
lcdq000502,lcdc000222
lcdq000502,lcdc000209
lcdq000503,lcdc000221
lcdq000503,lcdc000222
lcdq000503,lcdc000209
lcdq000504,lcdc000221
lcdq000504,lcdc000222
lcdq000504,lcdc000209
lcdq000505,lcdc000221
lcdq000505,lcdc000222
lcdq000505,lcdc000209
lcdq000506,lcdc000223
lcdq000506,lcdc000224
lcdq000506,lcdc000209
lcdq000507,lcdc000223
lcdq000507,lcdc000224
lcdq000507,lcdc000209
lcdq000508,lcdc000223
lcdq000508,lcdc000224
lcdq000508,lcdc000209
lcdq000509,lcdc000223
lcdq000509,lcdc000224
lcdq000509,lcdc000209
lcdq000510,lcdc000223
lcdq000510,lcdc000224
lcdq000510,lcdc000209
lcdq000511,lcdc000225
lcdq000511,lcdc000226
lcdq000511,lcdc000209
lcdq000512,lcdc000225
lcdq000512,lcdc000226
lcdq000512,lcdc000209
lcdq000513,lcdc000225
lcdq000513,lcdc000226
lcdq000513,lcdc000209
lcdq000514,lcdc000225
lcdq000514,lcdc000226
lcdq000514,lcdc000209
lcdq000515,lcdc000225
lcdq000515,lcdc000226
lcdq000515,lcdc000209
lcdq000516,lcdc000227
lcdq000516,lcdc000228
lcdq000516,lcdc000209
lcdq000517,lcdc000227
lcdq000517,lcdc000228
lcdq000517,lcdc000209
lcdq000518,lcdc000227
lcdq000518,lcdc000228
lcdq000518,lcdc000209
lcdq000519,lcdc000227
lcdq000519,lcdc000228
lcdq000519,lcdc000209
lcdq000520,lcdc000227
lcdq000520,lcdc000228
lcdq000520,lcdc000209
lcdq000521,lcdc000229
lcdq000521,lcdc000230
lcdq000521,lcdc000209
lcdq000522,lcdc000229
lcdq000522,lcdc000230
lcdq000522,lcdc000209
lcdq000523,lcdc000229
lcdq000523,lcdc000230
lcdq000523,lcdc000209
lcdq000524,lcdc000229
lcdq000524,lcdc000230
lcdq000524,lcdc000209
lcdq000525,lcdc000229
lcdq000525,lcdc000230
lcdq000525,lcdc000209
lcdq000526,lcdc000231
lcdq000526,lcdc000230
lcdq000526,lcdc000209
lcdq000527,lcdc000231
lcdq000527,lcdc000230
lcdq000527,lcdc000209
lcdq000528,lcdc000231
lcdq000528,lcdc000230
lcdq000528,lcdc000209
lcdq000529,lcdc000231
lcdq000529,lcdc000230
lcdq000529,lcdc000209
lcdq000530,lcdc000231
lcdq000530,lcdc000230
lcdq000530,lcdc000209
lcdq000531,lcdc000232
lcdq000531,lcdc000233
lcdq000531,lcdc000234
lcdq000532,lcdc000232
lcdq000532,lcdc000233
lcdq000532,lcdc000234
lcdq000533,lcdc000232
lcdq000533,lcdc000233
lcdq000533,lcdc000234
lcdq000534,lcdc000232
lcdq000534,lcdc000233
lcdq000534,lcdc000234
lcdq000535,lcdc000232
lcdq000535,lcdc000233
lcdq000535,lcdc000234
lcdq000536,lcdc000235
lcdq000536,lcdc000236
lcdq000536,lcdc000234
lcdq000537,lcdc000235
lcdq000537,lcdc000236
lcdq000537,lcdc000234
lcdq000538,lcdc000235
lcdq000538,lcdc000236
lcdq000538,lcdc000234
lcdq000539,lcdc000235
lcdq000539,lcdc000236
lcdq000539,lcdc000234
lcdq000540,lcdc000235
lcdq000540,lcdc000236
lcdq000540,lcdc000234
lcdq000541,lcdc000237
lcdq000541,lcdc000238
lcdq000541,lcdc000239
lcdq000542,lcdc000237
lcdq000542,lcdc000238
lcdq000542,lcdc000239
lcdq000543,lcdc000237
lcdq000543,lcdc000238
lcdq000543,lcdc000239
lcdq000544,lcdc000237
lcdq000544,lcdc000238
lcdq000544,lcdc000239
lcdq000545,lcdc000237
lcdq000545,lcdc000238
lcdq000545,lcdc000239
lcdq000546,lcdc000240
lcdq000546,lcdc000241
lcdq000546,lcdc000239
lcdq000547,lcdc000240
lcdq000547,lcdc000241
lcdq000547,lcdc000239
lcdq000548,lcdc000240
lcdq000548,lcdc000241
lcdq000548,lcdc000239
lcdq000549,lcdc000240
lcdq000549,lcdc000241
lcdq000549,lcdc000239
lcdq000550,lcdc000240
lcdq000550,lcdc000241
lcdq000550,lcdc000239
lcdq000551,lcdc000242
lcdq000551,lcdc000243
lcdq000551,lcdc000239
lcdq000552,lcdc000242
lcdq000552,lcdc000243
lcdq000552,lcdc000239
lcdq000553,lcdc000242
lcdq000553,lcdc000243
lcdq000553,lcdc000239
lcdq000554,lcdc000242
lcdq000554,lcdc000243
lcdq000554,lcdc000239
lcdq000555,lcdc000242
lcdq000555,lcdc000243
lcdq000555,lcdc000239
lcdq000556,lcdc000244
lcdq000556,lcdc000245
lcdq000556,lcdc000246
lcdq000557,lcdc000244
lcdq000557,lcdc000245
lcdq000557,lcdc000246
lcdq000558,lcdc000244
lcdq000558,lcdc000245
lcdq000558,lcdc000246
lcdq000559,lcdc000244
lcdq000559,lcdc000245
lcdq000559,lcdc000246
lcdq000560,lcdc000244
lcdq000560,lcdc000245
lcdq000560,lcdc000246
lcdq000561,lcdc000247
lcdq000561,lcdc000248
lcdq000561,lcdc000246
lcdq000562,lcdc000247
lcdq000562,lcdc000248
lcdq000562,lcdc000246
lcdq000563,lcdc000247
lcdq000563,lcdc000248
lcdq000563,lcdc000246
lcdq000564,lcdc000247
lcdq000564,lcdc000248
lcdq000564,lcdc000246
lcdq000565,lcdc000247
lcdq000565,lcdc000248
lcdq000565,lcdc000246
lcdq000566,lcdc000249
lcdq000566,lcdc000250
lcdq000566,lcdc000246
lcdq000567,lcdc000249
lcdq000567,lcdc000250
lcdq000567,lcdc000246
lcdq000568,lcdc000249
lcdq000568,lcdc000250
lcdq000568,lcdc000246
lcdq000569,lcdc000249
lcdq000569,lcdc000250
lcdq000569,lcdc000246
lcdq000570,lcdc000249
lcdq000570,lcdc000250
lcdq000570,lcdc000246
lcdq000571,lcdc000251
lcdq000571,lcdc000252
lcdq000571,lcdc000246
lcdq000572,lcdc000251
lcdq000572,lcdc000252
lcdq000572,lcdc000246
lcdq000573,lcdc000251
lcdq000573,lcdc000252
lcdq000573,lcdc000246
lcdq000574,lcdc000251
lcdq000574,lcdc000252
lcdq000574,lcdc000246
lcdq000575,lcdc000251
lcdq000575,lcdc000252
lcdq000575,lcdc000246
lcdq000576,lcdc000253
lcdq000576,lcdc000254
lcdq000576,lcdc000255
lcdq000577,lcdc000253
lcdq000577,lcdc000254
lcdq000577,lcdc000255
lcdq000578,lcdc000253
lcdq000578,lcdc000254
lcdq000578,lcdc000255
lcdq000579,lcdc000253
lcdq000579,lcdc000254
lcdq000579,lcdc000255
lcdq000580,lcdc000253
lcdq000580,lcdc000254
lcdq000580,lcdc000255
lcdq000581,lcdc000256
lcdq000581,lcdc000257
lcdq000581,lcdc000255
lcdq000582,lcdc000256
lcdq000582,lcdc000257
lcdq000582,lcdc000255
lcdq000583,lcdc000256
lcdq000583,lcdc000257
lcdq000583,lcdc000255
lcdq000584,lcdc000256
lcdq000584,lcdc000257
lcdq000584,lcdc000255
lcdq000585,lcdc000256
lcdq000585,lcdc000257
lcdq000585,lcdc000255
lcdq000586,lcdc000258
lcdq000586,lcdc000259
lcdq000586,lcdc000260
lcdq000587,lcdc000258
lcdq000587,lcdc000259
lcdq000587,lcdc000260
lcdq000588,lcdc000258
lcdq000588,lcdc000259
lcdq000588,lcdc000260
lcdq000589,lcdc000258
lcdq000589,lcdc000259
lcdq000589,lcdc000260
lcdq000590,lcdc000258
lcdq000590,lcdc000259
lcdq000590,lcdc000260
lcdq000591,lcdc000261
lcdq000591,lcdc000262
lcdq000591,lcdc000260
lcdq000592,lcdc000261
lcdq000592,lcdc000262
lcdq000592,lcdc000260
lcdq000593,lcdc000261
lcdq000593,lcdc000262
lcdq000593,lcdc000260
lcdq000594,lcdc000261
lcdq000594,lcdc000262
lcdq000594,lcdc000260
lcdq000595,lcdc000261
lcdq000595,lcdc000262
lcdq000595,lcdc000260
lcdq000596,lcdc000263
lcdq000596,lcdc000264
lcdq000596,lcdc000265
lcdq000597,lcdc000263
lcdq000597,lcdc000264
lcdq000597,lcdc000265
lcdq000598,lcdc000263
lcdq000598,lcdc000264
lcdq000598,lcdc000265
lcdq000599,lcdc000263
lcdq000599,lcdc000264
lcdq000599,lcdc000265
lcdq000600,lcdc000263
lcdq000600,lcdc000264
lcdq000600,lcdc000265
lcdq000601,lcdc000266
lcdq000601,lcdc000267
lcdq000601,lcdc000265
lcdq000602,lcdc000266
lcdq000602,lcdc000267
lcdq000602,lcdc000265
lcdq000603,lcdc000266
lcdq000603,lcdc000267
lcdq000603,lcdc000265
lcdq000604,lcdc000266
lcdq000604,lcdc000267
lcdq000604,lcdc000265
lcdq000605,lcdc000266
lcdq000605,lcdc000267
lcdq000605,lcdc000265
